{
 "lena_1d__final_cr_compressed_0.125": [
  27.288914572585373,
  333.4390002375028
 ],
 "lena_1d__final_cr_compressed_0.25": [
  32.19187538078026,
  142.87505693381593
 ],
 "lena_1d__final_cr_compressed_0.5": [
  38.69655730670556,
  36.53277033047753
 ],
 "lena_1d__final_cr_compressed_1.0": [
  50.218095087965814,
  0.8645207106721833
 ],
 "lena_1d__final_rc_compressed_0.125": [
  27.287980583420143,
  333.4451189479125
 ],
 "lena_1d__final_rc_compressed_0.25": [
  32.19871723611208,
  142.89167903429183
 ],
 "lena_1d__final_rc_compressed_0.5": [
  38.771072993576645,
  36.54952006617879
 ],
 "lena_1d__final_rc_compressed_1.0": [
  50.3548489466737,
  0.8451970695365844
 ],
 "lena_2d_idct": [
  57.9136115260011,
  0.34080071908086246
 ],
 "lena_2d_idct_1": [
  57.9136115260011,
  0.34080071908086246
 ],
 "lena_2d_idct_alpha_0.2_compressed_0.015625": [
  17.5146918442379,
  2318.549603839954
 ],
 "lena_2d_idct_alpha_0.2_compressed_0.0625": [
  18.453556158696497,
  2045.326918999648
 ],
 "lena_2d_idct_alpha_0.2_compressed_0.25": [
  19.48079490401357,
  1865.6732465388307
 ],
 "lena_2d_idct_alpha_0.2_compressed_1": [
  19.941663797853412,
  1817.4488651720894
 ],
 "lena_2d_idct_alpha_0.3_compressed_0.015625": [
  17.5146918442379,
  2318.549603839954
 ],
 "lena_2d_idct_alpha_0.3_compressed_0.0625": [
  18.45311388762758,
  2045.3551355406837
 ],
 "lena_2d_idct_alpha_0.3_compressed_0.25": [
  19.455695580599972,
  1866.0386867723093
 ],
 "lena_2d_idct_alpha_0.3_compressed_1.0": [
  19.909934590028378,
  1817.883771743447
 ],
 "lena_2d_idct_alpha_0.4_compressed_0.015625": [
  27.86900111435713,
  500.16105515184347
 ],
 "lena_2d_idct_alpha_0.4_compressed_0.0625": [
  32.477223956249105,
  226.89608125944258
 ],
 "lena_2d_idct_alpha_0.4_compressed_0.25": [
  42.4340991835109,
  49.75306903197109
 ],
 "lena_2d_idct_alpha_0.4_compressed_1.0": [
  50.03094940409018,
  1.0545604468053713
 ],
 "lena_2d_idct_alpha_0.4_compressed_1": [
  50.03094940409018,
  1.0545604468053713
 ],
 "lena_2d_idct_alpha_0.5_compressed_0.015625": [
  27.86900111435713,
  500.16105515184347
 ],
 "lena_2d_idct_alpha_0.5_compressed_0.0625": [
  32.47675596551379,
  226.9159436447498
 ],
 "lena_2d_idct_alpha_0.5_compressed_0.25": [
  41.75288413897919,
  49.989896562018004
 ],
 "lena_2d_idct_alpha_0.5_compressed_1.0": [
  48.17952881106701,
  1.6895144664236255
 ],
 "lena_2d_idct_alpha_0.6000000000000001_compressed_0.015625": [
  27.86900111435713,
  500.16105515184347
 ],
 "lena_2d_idct_alpha_0.6000000000000001_compressed_0.0625": [
  32.36989012836539,
  227.065887623185
 ],
 "lena_2d_idct_alpha_0.6000000000000001_compressed_0.25": [
  41.16591029783016,
  50.35815139632364
 ],
 "lena_2d_idct_alpha_0.6000000000000001_compressed_1": [
  46.83151138458997,
  2.3475794118876685
 ],
 "lena_2d_idct_alpha_0.8_compressed_0.015625": [
  27.86900111435713,
  500.16105515184347
 ],
 "lena_2d_idct_alpha_0.8_compressed_0.0625": [
  32.3103007915205,
  227.0879741411886
 ],
 "lena_2d_idct_alpha_0.8_compressed_0.25": [
  40.478366457262005,
  51.12411457761672
 ],
 "lena_2d_idct_alpha_0.8_compressed_1": [
  45.379787559450975,
  3.6064333031339753
 ],
 "lena_2d_idct_alpha_1.0_compressed_0.015625": [
  27.86900111435713,
  500.16105515184347
 ],
 "lena_2d_idct_alpha_1.0_compressed_0.0625": [
  32.24656278659977,
  227.27673688887407
 ],
 "lena_2d_idct_alpha_1.0_compressed_0.25": [
  38.265680334099166,
  53.106713371810415
 ],
 "lena_2d_idct_alpha_1.0_compressed_1": [
  41.18925267067716,
  8.413392787625153
 ],
 "lena_2d_idct_alpha_1.2_compressed_0.015625": [
  27.86900111435713,
  500.16105515184347
 ],
 "lena_2d_idct_alpha_1.2_compressed_0.0625": [
  31.9973561926874,
  227.75065050396884
 ],
 "lena_2d_idct_alpha_1.2_compressed_0.25": [
  37.5983605754021,
  54.32109327863118
 ],
 "lena_2d_idct_alpha_1.2_compressed_1": [
  40.30724483999183,
  9.62108535351672
 ],
 "lena_2d_idct_alpha_1.4_compressed_0.015625": [
  27.838981708166695,
  500.3209210057692
 ],
 "lena_2d_idct_alpha_1.4_compressed_0.0625": [
  31.73424924423515,
  227.95334750208417
 ],
 "lena_2d_idct_alpha_1.4_compressed_0.25": [
  37.177897251710256,
  54.86487920441494
 ],
 "lena_2d_idct_alpha_1.4_compressed_1": [
  39.44626613482499,
  12.516075046252325
 ],
 "lena_2d_idct_alpha_1.5999999999999999_compressed_0.015625": [
  27.838981708166695,
  500.3209210057692
 ],
 "lena_2d_idct_alpha_1.5999999999999999_compressed_0.0625": [
  31.729706151270683,
  228.0550116887121
 ],
 "lena_2d_idct_alpha_1.5999999999999999_compressed_0.25": [
  36.76519949569727,
  56.68063213760609
 ],
 "lena_2d_idct_alpha_1.5999999999999999_compressed_1": [
  38.77983323614311,
  15.20538805466712
 ],
 "lena_2d_idct_alpha_1.7999999999999998_compressed_0.015625": [
  27.82848994111055,
  500.33811934440047
 ],
 "lena_2d_idct_alpha_1.7999999999999998_compressed_0.0625": [
  31.68973725666162,
  228.188395456504
 ],
 "lena_2d_idct_alpha_1.7999999999999998_compressed_0.25": [
  36.302890428204705,
  59.24779789964136
 ],
 "lena_2d_idct_alpha_1.7999999999999998_compressed_1": [
  37.75623102287366,
  21.522173574723293
 ],
 "lena_2d_idct_alpha_1.9999999999999998_compressed_0.015625": [
  27.82848994111055,
  500.33811934440047
 ],
 "lena_2d_idct_alpha_1.9999999999999998_compressed_0.0625": [
  31.693704889735333,
  228.23561553996433
 ],
 "lena_2d_idct_alpha_1.9999999999999998_compressed_0.25": [
  35.99772139309246,
  60.99688181499616
 ],
 "lena_2d_idct_alpha_1.9999999999999998_compressed_1": [
  37.05474193494321,
  28.236300624925686
 ],
 "lena_2d_idct_blk_16_compressed_0.015625": [
  26.254534624950317,
  469.1708659417808
 ],
 "lena_2d_idct_blk_16_compressed_0.0625": [
  32.20135974930191,
  160.44347453465014
 ],
 "lena_2d_idct_blk_16_compressed_0.25": [
  40.01815795250991,
  42.686813607639564
 ],
 "lena_2d_idct_blk_16_compressed_0.5": [
  48.09346089301737,
  11.162131609898909
 ],
 "lena_2d_idct_blk_16_compressed_1.0": [
  53.98949296892666,
  0.2661300207272588
 ],
 "lena_2d_idct_blk_16_compressed_1": [
  70.60221583727387,
  0.022513103168020198
 ],
 "lena_2d_idct_blk_256_compressed_0.015625": [
  22.963070922440284,
  328.67999267578125
 ],
 "lena_2d_idct_blk_256_compressed_0.0625": [
  26.690964589191225,
  139.31051635742188
 ],
 "lena_2d_idct_blk_256_compressed_0.25": [
  32.23270882062589,
  38.887451171875
 ],
 "lena_2d_idct_blk_256_compressed_0.5": [
  37.61508049012458,
  11.260879516601562
 ],
 "lena_2d_idct_blk_256_compressed_1.0": [
  52.72769831139893,
  0.34698486328125
 ],
 "lena_2d_idct_blk_256_compressed_1": [
  64.62242956743434,
  0.022430419921875
 ],
 "lena_2d_idct_blk_64_compressed_0.015625": [
  23.76181579342718,
  345.2985054444508
 ],
 "lena_2d_idct_blk_64_compressed_0.0625": [
  28.09703074988386,
  142.29457063610317
 ],
 "lena_2d_idct_blk_64_compressed_0.25": [
  34.9612547939552,
  39.42361363766691
 ],
 "lena_2d_idct_blk_64_compressed_0.5": [
  41.28866083382308,
  11.077380188825735
 ],
 "lena_2d_idct_blk_64_compressed_1.0": [
  52.99596821828108,
  0.32710180641087394
 ],
 "lena_2d_idct_blk_64_compressed_1": [
  64.86782545437669,
  0.022434753152152487
 ],
 "lena_2d_idct_blk_8_compressed_0.015625": [
  27.86900111435713,
  500.16105515184347
 ],
 "lena_2d_idct_blk_8_compressed_0.0625": [
  32.581088349441586,
  226.8968021902449
 ],
 "lena_2d_idct_blk_8_compressed_0.25": [
  44.81509617228817,
  49.40019066276524
 ],
 "lena_2d_idct_blk_8_compressed_1.0": [
  57.29946104411333,
  0.16856340827703425
 ],
 "lena_2d_idct_Canon_compressed_0.015625": [
  27.86900111435713,
  500.16105515184347
 ],
 "lena_2d_idct_Canon_compressed_0.0625": [
  32.578760316572605,
  226.92207841932
 ],